[
  {
    "model": "users.user",
    "pk": 1,
    "fields": {
      "email": "admin@local",
      "first_name": "Admin",
      "last_name": "User",
      "age": 30,
      "bio": "",
      "avatar": "",
      "address": "",
      "city": "Bruxelles",
      "country": "BE",
      "latitude": null,
      "longitude": null,
      "consent_given": true,
      "consent_given_at": "2025-08-17T00:00:00Z",
      "is_active": true,
      "is_staff": true,
      "is_superuser": true,
      "date_joined": "2025-08-17T00:00:00Z",
      "password": "pbkdf2_sha256$600000$fixturesalt$3co5kYNgw2jX+vtNl2uThvUopcuX/aIYa24sBV7KXPU=",
      "native_langs": [1]
    }
  },
  {
    "model": "users.user",
    "pk": 2,
    "fields": {
      "email": "alice@example.com",
      "first_name": "Alice",
      "last_name": "Martin",
      "age": 26,
      "bio": "",
      "avatar": "",
      "address": "",
      "city": "Bruxelles",
      "country": "BE",
      "latitude": null,
      "longitude": null,
      "consent_given": true,
      "consent_given_at": "2025-08-17T00:01:00Z",
      "is_active": true,
      "is_staff": false,
      "is_superuser": false,
      "date_joined": "2025-08-17T00:01:00Z",
      "password": "pbkdf2_sha256$600000$fixturesalt$3co5kYNgw2jX+vtNl2uThvUopcuX/aIYa24sBV7KXPU=",
      "native_langs": [1]
    }
  },
  {
    "model": "users.user",
    "pk": 3,
    "fields": {
      "email": "bob@example.com",
      "first_name": "Bob",
      "last_name": "Dupont",
      "age": 28,
      "bio": "",
      "avatar": "",
      "address": "",
      "city": "Liège",
      "country": "BE",
      "latitude": null,
      "longitude": null,
      "consent_given": true,
      "consent_given_at": "2025-08-17T00:02:00Z",
      "is_active": true,
      "is_staff": false,
      "is_superuser": false,
      "date_joined": "2025-08-17T00:02:00Z",
      "password": "pbkdf2_sha256$600000$fixturesalt$3co5kYNgw2jX+vtNl2uThvUopcuX/aIYa24sBV7KXPU=",
      "native_langs": [2]
    }
  },
  {
    "model": "users.user",
    "pk": 4,
    "fields": {
      "email": "carla@example.com",
      "first_name": "Carla",
      "last_name": "Bastos",
      "age": 24,
      "bio": "",
      "avatar": "",
      "address": "",
      "city": "Anvers",
      "country": "BE",
      "latitude": null,
      "longitude": null,
      "consent_given": true,
      "consent_given_at": "2025-08-17T00:03:00Z",
      "is_active": true,
      "is_staff": false,
      "is_superuser": false,
      "date_joined": "2025-08-17T00:03:00Z",
      "password": "pbkdf2_sha256$600000$fixturesalt$3co5kYNgw2jX+vtNl2uThvUopcuX/aIYa24sBV7KXPU=",
      "native_langs": [3]
    }
  },
  {
    "model": "users.user",
    "pk": 5,
    "fields": {
      "email": "diego@example.com",
      "first_name": "Diego",
      "last_name": "Lopez",
      "age": 29,
      "bio": "",
      "avatar": "",
      "address": "",
      "city": "Bruxelles",
      "country": "BE",
      "latitude": null,
      "longitude": null,
      "consent_given": true,
      "consent_given_at": "2025-08-17T00:04:00Z",
      "is_active": true,
      "is_staff": false,
      "is_superuser": false,
      "date_joined": "2025-08-17T00:04:00Z",
      "password": "pbkdf2_sha256$600000$fixturesalt$3co5kYNgw2jX+vtNl2uThvUopcuX/aIYa24sBV7KXPU=",
      "native_langs": [4]
    }
  },
  {
    "model": "users.user",
    "pk": 6,
    "fields": {
      "email": "emma@example.com",
      "first_name": "Emma",
      "last_name": "Verhoeven",
      "age": 22,
      "bio": "",
      "avatar": "",
      "address": "",
      "city": "Gand",
      "country": "BE",
      "latitude": null,
      "longitude": null,
      "consent_given": true,
      "consent_given_at": "2025-08-17T00:05:00Z",
      "is_active": true,
      "is_staff": false,
      "is_superuser": false,
      "date_joined": "2025-08-17T00:05:00Z",
      "password": "pbkdf2_sha256$600000$fixturesalt$3co5kYNgw2jX+vtNl2uThvUopcuX/aIYa24sBV7KXPU=",
      "native_langs": [1, 3]
    }
  },
  {
    "model": "users.user",
    "pk": 7,
    "fields": {
      "email": "farid@example.com",
      "first_name": "Farid",
      "last_name": "Haddad",
      "age": 31,
      "bio": "",
      "avatar": "",
      "address": "",
      "city": "Namur",
      "country": "BE",
      "latitude": null,
      "longitude": null,
      "consent_given": true,
      "consent_given_at": "2025-08-17T00:06:00Z",
      "is_active": true,
      "is_staff": false,
      "is_superuser": false,
      "date_joined": "2025-08-17T00:06:00Z",
      "password": "pbkdf2_sha256$600000$fixturesalt$3co5kYNgw2jX+vtNl2uThvUopcuX/aIYa24sBV7KXPU=",
      "native_langs": [2]
    }
  },
  {
    "model": "users.user",
    "pk": 8,
    "fields": {
      "email": "giulia@example.com",
      "first_name": "Giulia",
      "last_name": "Conti",
      "age": 27,
      "bio": "",
      "avatar": "",
      "address": "",
      "city": "Bruxelles",
      "country": "BE",
      "latitude": null,
      "longitude": null,
      "consent_given": true,
      "consent_given_at": "2025-08-17T00:07:00Z",
      "is_active": true,
      "is_staff": false,
      "is_superuser": false,
      "date_joined": "2025-08-17T00:07:00Z",
      "password": "pbkdf2_sha256$600000$fixturesalt$3co5kYNgw2jX+vtNl2uThvUopcuX/aIYa24sBV7KXPU=",
      "native_langs": [4, 2]
    }
  },
  {
    "model": "users.user",
    "pk": 9,
    "fields": {
      "email": "hugo@example.com",
      "first_name": "Hugo",
      "last_name": "De Smet",
      "age": 23,
      "bio": "",
      "avatar": "",
      "address": "",
      "city": "Mons",
      "country": "BE",
      "latitude": null,
      "longitude": null,
      "consent_given": true,
      "consent_given_at": "2025-08-17T00:08:00Z",
      "is_active": true,
      "is_staff": false,
      "is_superuser": false,
      "date_joined": "2025-08-17T00:08:00Z",
      "password": "pbkdf2_sha256$600000$fixturesalt$3co5kYNgw2jX+vtNl2uThvUopcuX/aIYa24sBV7KXPU=",
      "native_langs": [3]
    }
  },
  {
    "model": "users.user",
    "pk": 10,
    "fields": {
      "email": "ines@example.com",
      "first_name": "Inès",
      "last_name": "Rahmani",
      "age": 25,
      "bio": "",
      "avatar": "",
      "address": "",
      "city": "Bruxelles",
      "country": "BE",
      "latitude": null,
      "longitude": null,
      "consent_given": true,
      "consent_given_at": "2025-08-17T00:09:00Z",
      "is_active": true,
      "is_staff": false,
      "is_superuser": false,
      "date_joined": "2025-08-17T00:09:00Z",
      "password": "pbkdf2_sha256$600000$fixturesalt$3co5kYNgw2jX+vtNl2uThvUopcuX/aIYa24sBV7KXPU=",
      "native_langs": [1]
    }
  },


  { "model": "users.usertargetlanguage", "pk": 1,  "fields": { "user": 1,  "language": 2 } },
  { "model": "users.usertargetlanguage", "pk": 2,  "fields": { "user": 2,  "language": 2 } },
  { "model": "users.usertargetlanguage", "pk": 3,  "fields": { "user": 3,  "language": 1 } },
  { "model": "users.usertargetlanguage", "pk": 4,  "fields": { "user": 4,  "language": 1 } },
  { "model": "users.usertargetlanguage", "pk": 5,  "fields": { "user": 5,  "language": 1 } },
  { "model": "users.usertargetlanguage", "pk": 6,  "fields": { "user": 6,  "language": 2 } },
  { "model": "users.usertargetlanguage", "pk": 7,  "fields": { "user": 7,  "language": 1 } },
  { "model": "users.usertargetlanguage", "pk": 8,  "fields": { "user": 8,  "language": 1 } },
  { "model": "users.usertargetlanguage", "pk": 9,  "fields": { "user": 9,  "language": 2 } },
  { "model": "users.usertargetlanguage", "pk": 10, "fields": { "user": 10, "language": 2 } }
]
